State,Highway Name,Total_Damage_Area,Traffic Severity Score
RS,BR-290,100.0,100.0
DF,BR-251,93.75232458888624,1.1385336012463525
RS,BR-386,66.9097254665784,55.55252663374913
DF,BR-020,7.754113351592754,1.7867380124312815
DF,BR-070,4.107000281198037,2.8572176031164678
ES,BR-259,3.886145516662644,1.361192901485142
DF,BR-060,1.723639344697867,3.826114484450639
ES,BR-101,1.1455042080068374,17.241384074146282
ES,BR-482,1.0,12.682594534322352
